"","host_species","betacov","pred_med"
"1","Acerodon celebensis",0,0.385029878579225
"2","Acerodon humilis",0,0.198572571715752
"3","Acerodon jubatus",0,0.716776135651374
"4","Acerodon leucotis",0,0.164295016856006
"5","Acerodon mackloti",0,0.30797353742244
"6","Aethalops aequalis",0,0.101006524527015
"7","Aethalops alecto",0,0.13887564854009
"8","Alionycteris paucidentata",0,0.0782688128459565
"9","Ametrida centurio",0,0.0475417277662585
"10","Amorphochilus schnablii",0,0.0108130055908667
"11","Anoura caudifer",0,0.156328786679077
"12","Anoura cultrata",0,0.0322439973439406
"13","Anoura geoffroyi",0,0.562011772408519
"14","Anoura latidens",0,0.0365244595556608
"15","Anoura luismanueli",0,0.0117696196773929
"16","Anthops ornatus",0,0.0158530298237013
"17","Antrozous pallidus",0,0.405800583852119
"18","Aproteles bulmerae",0,0.120032858469269
"19","Ardops nichollsi",0,0.0936216391274438
"20","Arielulus aureocollaris",0,0.14349985946541
"21","Arielulus circumdatus",0,0.517457555291255
"22","Arielulus cuprosus",0,0.0278580622387056
"23","Arielulus societatis",0,0.0370234040931984
"24","Arielulus torquatus",0,0.341227705634018
"25","Ariteus flavescens",0,0.0296536516191022
"26","Artibeus amplus",0,0.10860472060599
"27","Artibeus anderseni",0,0.0318373591740359
"28","Artibeus aztecus",0,0.129434213218598
"29","Artibeus cinereus",0,0.0285868579189143
"30","Artibeus concolor",0,0.150039822440425
"31","Artibeus fimbriatus",0,0.141596394071432
"32","Artibeus fraterculus",0,0.0365375239579485
"33","Artibeus glaucus",0,0.239116269960251
"34","Artibeus gnomus",0,0.171066262195566
"35","Artibeus hirsutus",0,0.189336402875741
"36","Artibeus incomitatus",0,0.0159977479585836
"37","Artibeus inopinatus",0,0.0512879477038746
"38","Artibeus jamaicensis",0,0.879832965866383
"39","Artibeus lituratus",1,0.77741920818034
"40","Artibeus obscurus",1,0.0896122168501868
"41","Artibeus phaeotis",0,0.080719460511356
"42","Artibeus toltecus",0,0.114963794014206
"43","Artibeus watsoni",0,0.0375855311333248
"44","Asellia patrizii",0,0.0728752128710498
"45","Asellia tridens",0,0.90644373743858
"46","Aselliscus stoliczkanus",1,0.620733108445031
"47","Aselliscus tricuspidatus",0,0.0248293453809751
"48","Balantiopteryx infusca",0,0.0132757906140821
"49","Balantiopteryx io",0,0.0200112925966468
"50","Balantiopteryx plicata",0,0.1070583157484
"51","Balionycteris maculata",0,0.235099917810924
"52","Barbastella barbastellus",0,0.87402482332893
"53","Barbastella leucomelas",0,0.903649647516052
"54","Bauerus dubiaquercus",0,0.0623803189360464
"55","Brachyphylla cavernarum",0,0.149116721266047
"56","Brachyphylla nana",0,0.116078766096409
"57","Cardioderma cor",0,0.780659228565146
"58","Carollia brevicauda",0,0.533752373376082
"59","Carollia castanea",0,0.0762617471848532
"60","Carollia colombiana",0,0.0146304902176629
"61","Carollia perspicillata",1,0.502323618742873
"62","Carollia sowelli",0,0.419705262035258
"63","Carollia subrufa",0,0.0459768825840906
"64","Casinycteris argynnis",0,0.174861761043324
"65","Centronycteris centralis",0,0.0329956867439541
"66","Centronycteris maximiliani",0,0.107603412566
"67","Centurio senex",0,0.32130175073893
"68","Chaerephon aloysiisabaudiae",0,0.100793997591242
"69","Chaerephon ansorgei",0,0.357842175901245
"70","Chaerephon bemmeleni",0,0.300841599559298
"71","Chaerephon bivittatus",0,0.694032455141274
"72","Chaerephon bregullae",0,0.0171113617071967
"73","Chaerephon chapini",0,0.0613437129246063
"74","Chaerephon gallagheri",0,0.0132740844387357
"75","Chaerephon jobensis",0,0.381797924315764
"76","Chaerephon johorensis",0,0.0684317617470807
"77","Chaerephon leucogaster",0,0.51392559071158
"78","Chaerephon major",0,0.480470815460848
"79","Chaerephon nigeriae",0,0.586485772707507
"80","Chaerephon plicatus",1,0.872127023337453
"81","Chaerephon pumilus",0,0.748680754299909
"82","Chaerephon russatus",0,0.166056104816242
"83","Chaerephon shortridgei",0,0.0361100395089223
"84","Chaerephon solomonis",0,0.0089505401619834
"85","Chaerephon tomensis",0,0.0185450996103968
"86","Chalinolobus dwyeri",0,0.0663058277331183
"87","Chalinolobus gouldii",0,0.332969349011854
"88","Chalinolobus morio",0,0.140254114304807
"89","Chalinolobus neocaledonicus",0,0.0149601442697953
"90","Chalinolobus nigrogriseus",0,0.0901277124540763
"91","Chalinolobus picatus",0,0.0622333625443499
"92","Chalinolobus tuberculatus",0,0.0512596026948796
"93","Cheiromeles parvidens",0,0.102550300939027
"94","Cheiromeles torquatus",0,0.639789165740574
"95","Chilonatalus micropus",0,0.0206205760044887
"96","Chilonatalus tumidifrons",0,0.0211527323244251
"97","Chiroderma doriae",0,0.150998039290125
"98","Chiroderma improvisum",0,0.0800555251090162
"99","Chiroderma salvini",0,0.496298660412242
"100","Chiroderma trinitatum",0,0.0786931896505355
"101","Chiroderma villosum",0,0.344429214531005
"102","Chironax melanocephalus",0,0.320128020603912
"103","Choeroniscus godmani",0,0.088742544674903
"104","Choeroniscus minor",0,0.0305804223407124
"105","Choeroniscus periosus",0,0.0142623866088271
"106","Choeronycteris mexicana",0,0.142097171758824
"107","Chrotopterus auritus",0,0.731634333037665
"108","Cistugo lesueuri",0,0.0195391907638198
"109","Cistugo seabrae",0,0.0246688550231557
"110","Cloeotis percivali",0,0.0681706179289407
"111","Coelops frithii",0,0.876868097097823
"112","Coelops robinsoni",0,0.0728561799963322
"113","Coleura afra",0,0.828488542282624
"114","Coleura seychellensis",0,0.073257294566985
"115","Cormura brevirostris",0,0.0828034740471035
"116","Corynorhinus mexicanus",0,0.067764411518563
"117","Corynorhinus rafinesquii",0,0.205505399854854
"118","Corynorhinus townsendii",0,0.325404260972102
"119","Craseonycteris thonglongyai",0,0.0524423367379018
"120","Cynomops abrasus",0,0.306737536206001
"121","Cynomops greenhalli",0,0.0403339956033319
"122","Cynomops mexicanus",0,0.0365054994530262
"123","Cynomops paranus",0,0.207660542798842
"124","Cynomops planirostris",0,0.148716530177387
"125","Cynopterus brachyotis",1,0.827534348076626
"126","Cynopterus horsfieldii",1,0.541157372930188
"127","Cynopterus luzoniensis",0,0.0807132370405826
"128","Cynopterus minutus",0,0.417744060101978
"129","Cynopterus nusatenggara",0,0.0730397674397962
"130","Cynopterus sphinx",1,0.973145019473779
"131","Cynopterus titthaecheilus",0,0.467111420953117
"132","Cyttarops alecto",0,0.0164662289086858
"133","Desmodus rotundus",0,0.759957113803441
"134","Diaemus youngi",0,0.807886658281118
"135","Diclidurus albus",0,0.365307400319386
"136","Diclidurus ingens",0,0.0442522262593629
"137","Diclidurus isabellus",0,0.0231840363720397
"138","Diclidurus scutatus",0,0.0463430516791252
"139","Diphylla ecaudata",0,0.812411128874961
"140","Dobsonia anderseni",0,0.101192752288588
"141","Dobsonia beauforti",0,0.134346041836122
"142","Dobsonia chapmani",0,0.481907539070757
"143","Dobsonia crenulata",0,0.33267033892825
"144","Dobsonia emersa",0,0.158348513985097
"145","Dobsonia exoleta",0,0.346427038789644
"146","Dobsonia inermis",0,0.0747677384560351
"147","Dobsonia magna",0,0.227230751557235
"148","Dobsonia minor",0,0.234618643422959
"149","Dobsonia moluccensis",1,0.0927746731024053
"150","Dobsonia pannietensis",0,0.0696535847632735
"151","Dobsonia peronii",0,0.291084341007461
"152","Dobsonia praedatrix",0,0.101320901728512
"153","Dobsonia viridis",0,0.460734721979743
"154","Dyacopterus brooksi",0,0.124287754439995
"155","Dyacopterus spadiceus",1,0.464067737170016
"156","Ectophylla alba",0,0.0212334759980721
"157","Eidolon dupreanum",1,0.532905476748199
"158","Eidolon helvum",1,0.9768010331779
"159","Emballonura alecto",0,0.517235285925352
"160","Emballonura atrata",0,0.0653362705381263
"161","Emballonura beccarii",0,0.017529899998806
"162","Emballonura dianae",0,0.0166419702163875
"163","Emballonura furax",0,0.0311210719386436
"164","Emballonura monticola",0,0.236025438309693
"165","Emballonura raffrayana",0,0.0553841783311917
"166","Emballonura semicaudata",0,0.061478592658754
"167","Emballonura serii",0,0.00951869309032933
"168","Enchisthenes hartii",0,0.251023976769049
"169","Eonycteris major",0,0.431676585501701
"170","Eonycteris robusta",0,0.31609013885161
"171","Eonycteris spelaea",1,0.949915046301191
"172","Epomophorus angolensis",0,0.129184702206176
"173","Epomophorus crypturus",0,0.500976465704044
"174","Epomophorus gambianus",1,0.785377780280979
"175","Epomophorus grandis",0,0.131989802583395
"176","Epomophorus labiatus",1,0.83911659299973
"177","Epomophorus minimus",0,0.479864343761127
"178","Epomophorus minor",0,0.499233350713718
"179","Epomophorus wahlbergi",0,0.870582530806795
"180","Epomops buettikoferi",0,0.3153592118365
"181","Epomops dobsonii",0,0.376998969042543
"182","Epomops franqueti",1,0.693563410022495
"183","Eptesicus andinus",0,0.0470968445066656
"184","Eptesicus bobrinskoi",0,0.367128751395071
"185","Eptesicus bottae",0,0.729892132166633
"186","Eptesicus brasiliensis",0,0.427805446517871
"187","Eptesicus chiriquinus",0,0.0410906777904886
"188","Eptesicus diminutus",0,0.069784049077906
"189","Eptesicus dimissus",0,0.0502861394200951
"190","Eptesicus floweri",0,0.0473447253497181
"191","Eptesicus furinalis",0,0.37115489542463
"192","Eptesicus fuscus",0,0.620016459168093
"193","Eptesicus gobiensis",0,0.563377213492466
"194","Eptesicus guadeloupensis",0,0.0356279980826628
"195","Eptesicus hottentotus",0,0.204165958541112
"196","Eptesicus innoxius",0,0.0101579275882374
"197","Eptesicus japonensis",0,0.353597323870557
"198","Eptesicus kobayashii",0,0.460071565075
"199","Eptesicus matroka",0,0.108119528163239
"200","Eptesicus nasutus",0,0.50454374652406
"201","Eptesicus nilssonii",1,0.90666137218441
"202","Eptesicus pachyotis",0,0.417528507718382
"203","Eptesicus platyops",0,0.0568084264028714
"204","Eptesicus serotinus",1,0.969806478483445
"205","Eptesicus tatei",0,0.21490533427572
"206","Erophylla bombifrons",0,0.04428390234086
"207","Erophylla sezekorni",0,0.118039640741692
"208","Euderma maculatum",0,0.200412125978686
"209","Eudiscopus denticulus",0,0.198675562361856
"210","Eumops auripendulus",0,0.751896329892969
"211","Eumops bonariensis",0,0.4157889064528
"212","Eumops dabbenei",0,0.194561371578286
"213","Eumops glaucinus",1,0.559356361150393
"214","Eumops hansae",0,0.0238246522500423
"215","Eumops maurus",0,0.0284252446423246
"216","Eumops patagonicus",0,0.0258714604829506
"217","Eumops perotis",0,0.836101839050828
"218","Eumops trumbulli",0,0.0574083811424391
"219","Eumops underwoodi",0,0.291079877399741
"220","Falsistrellus affinis",0,0.641407963787043
"221","Falsistrellus mackenziei",0,0.0986705335997267
"222","Falsistrellus mordax",0,0.0653546799639971
"223","Falsistrellus petersi",0,0.28059572221555
"224","Falsistrellus tasmaniensis",0,0.203820898034623
"225","Furipterus horrens",0,0.0979254950020513
"226","Glauconycteris alboguttata",0,0.0226261193366302
"227","Glauconycteris argentata",0,0.223888277123121
"228","Glauconycteris beatrix",0,0.0424308368302813
"229","Glauconycteris curryae",0,0.0275054842611372
"230","Glauconycteris egeria",0,0.0295587408328318
"231","Glauconycteris gleni",0,0.0618730639858298
"232","Glauconycteris humeralis",0,0.0479437007309651
"233","Glauconycteris kenyacola",0,0.0213645044531818
"234","Glauconycteris machadoi",0,0.0130479718377586
"235","Glauconycteris poensis",0,0.0599939622970254
"236","Glauconycteris superba",0,0.0539843076743746
"237","Glauconycteris variegata",0,0.660101290908212
"238","Glischropus javanus",0,0.0319387608412484
"239","Glischropus tylopus",0,0.231579806401321
"240","Glossophaga commissarisi",0,0.116031377758854
"241","Glossophaga leachii",0,0.0292509578279732
"242","Glossophaga longirostris",0,0.0250401372153021
"243","Glossophaga morenoi",0,0.0325364550243309
"244","Glossophaga soricina",0,0.567132781104922
"245","Glyphonycteris behnii",0,0.0241526168266595
"246","Glyphonycteris daviesi",0,0.119957023813676
"247","Glyphonycteris sylvestris",0,0.257471339851416
"248","Haplonycteris fischeri",0,0.40112098938121
"249","Harpiocephalus harpia",0,0.630545487017828
"250","Harpiocephalus mordax",0,0.477998820745305
"251","Harpyionycteris celebensis",0,0.287008977870164
"252","Harpyionycteris whiteheadi",0,0.643204187258638
"253","Hesperoptenus blanfordi",0,0.154156613615408
"254","Hesperoptenus doriae",0,0.033411790635799
"255","Hesperoptenus gaskelli",0,0.0211949248700885
"256","Hesperoptenus tickelli",0,0.696806383930704
"257","Hesperoptenus tomesi",0,0.10154364166066
"258","Hipposideros abae",0,0.256303271249464
"259","Hipposideros armiger",1,0.966804777207567
"260","Hipposideros ater",0,0.804300586806171
"261","Hipposideros beatus",0,0.0976861794471877
"262","Hipposideros bicolor",0,0.296025114567984
"263","Hipposideros breviceps",0,0.0448343152504261
"264","Hipposideros caffer",1,0.951248598499558
"265","Hipposideros calcaratus",0,0.0414298062055747
"266","Hipposideros camerunensis",0,0.124022423959163
"267","Hipposideros cervinus",0,0.196184013115443
"268","Hipposideros cineraceus",0,0.600520022071431
"269","Hipposideros commersoni",0,0.964722520736877
"270","Hipposideros coronatus",0,0.0715798111306123
"271","Hipposideros corynophyllus",0,0.0262491551157362
"272","Hipposideros coxi",0,0.0494480371050507
"273","Hipposideros crumeniferus",0,0.0738189056050623
"274","Hipposideros curtus",0,0.0235601965877033
"275","Hipposideros cyclops",0,0.561518277259146
"276","Hipposideros demissus",0,0.00899572535126281
"277","Hipposideros diadema",0,0.823892109278707
"278","Hipposideros dinops",0,0.0250078992565551
"279","Hipposideros doriae",0,0.0347322338520929
"280","Hipposideros durgadasi",0,0.0950434060071268
"281","Hipposideros dyacorum",0,0.0798174824612583
"282","Hipposideros edwardshilli",0,0.0138213001765514
"283","Hipposideros fuliginosus",0,0.258358219448634
"284","Hipposideros fulvus",0,0.816351684070314
"285","Hipposideros galeritus",1,0.596102412479603
"286","Hipposideros gigas",0,0.802041523630331
"287","Hipposideros grandis",0,0.289379841192331
"288","Hipposideros halophyllus",0,0.0639183850045641
"289","Hipposideros hypophyllus",0,0.0783459402252297
"290","Hipposideros inexpectatus",0,0.0570645655941853
"291","Hipposideros inornatus",0,0.138416673246193
"292","Hipposideros jonesi",0,0.113000712418217
"293","Hipposideros lamottei",0,0.0833311938027253
"294","Hipposideros lankadiva",0,0.824724811602202
"295","Hipposideros larvatus",0,0.893304244251133
"296","Hipposideros lekaguli",0,0.363759728143501
"297","Hipposideros lylei",0,0.689968671525637
"298","Hipposideros macrobullatus",0,0.0569701527167668
"299","Hipposideros madurae",0,0.0799414929893778
"300","Hipposideros maggietaylorae",0,0.0450483122221474
"301","Hipposideros marisae",0,0.0295696041189976
"302","Hipposideros megalotis",0,0.0527740918454498
"303","Hipposideros muscinus",0,0.0290427607977504
"304","Hipposideros nequam",0,0.0494268904553254
"305","Hipposideros obscurus",0,0.195411942977232
"306","Hipposideros orbiculus",0,0.0353472499327289
"307","Hipposideros papua",0,0.0420426208616238
"308","Hipposideros pelingensis",0,0.0321665276645326
"309","Hipposideros pomona",0,0.902381928554635
"310","Hipposideros pratti",1,0.933835102662189
"311","Hipposideros pygmaeus",0,0.154409827554374
"312","Hipposideros ridleyi",0,0.181004145411803
"313","Hipposideros rotalis",0,0.169026561665921
"314","Hipposideros ruber",1,0.48764162060453
"315","Hipposideros scutinares",0,0.41287976861327
"316","Hipposideros semoni",0,0.0753113500930604
"317","Hipposideros sorenseni",0,0.039289421033211
"318","Hipposideros speoris",0,0.746352762126546
"319","Hipposideros stenotis",0,0.153681609265048
"320","Hipposideros sumbae",0,0.043137491863136
"321","Hipposideros thomensis",0,0.0174249186150267
"322","Hipposideros turpis",0,0.727640248637465
"323","Hipposideros vittatus",0,0.635467735949269
"324","Hipposideros wollastoni",0,0.0219122564339512
"325","Histiotus alienus",0,0.0324894835177324
"326","Histiotus humboldti",0,0.413102491432843
"327","Histiotus laephotis",0,0.0220794615980016
"328","Histiotus macrotus",0,0.0393767648258229
"329","Histiotus magellanicus",0,0.0191534096325023
"330","Histiotus montanus",0,0.0939637656862699
"331","Histiotus velatus",0,0.154019386841604
"332","Hylonycteris underwoodi",0,0.0531908675203497
"333","Hypsignathus monstrosus",0,0.882345321956512
"334","Hypsugo alaschanicus",0,0.483650507321629
"335","Hypsugo anchietae",0,0.0722081197051264
"336","Hypsugo anthonyi",0,0.12316517326746
"337","Hypsugo arabicus",0,0.077302786630309
"338","Hypsugo ariel",0,0.100631433952748
"339","Hypsugo bodenheimeri",0,0.187927330333369
"340","Hypsugo cadornae",0,0.644944195023364
"341","Hypsugo crassulus",0,0.0351103225829809
"342","Hypsugo eisentrauti",0,0.0824864140468073
"343","Hypsugo imbricatus",0,0.0929633879909276
"344","Hypsugo joffrei",0,0.101445207220726
"345","Hypsugo kitcheneri",0,0.0239180056741374
"346","Hypsugo lophurus",0,0.0252549728242693
"347","Hypsugo macrotis",0,0.0480472825714589
"348","Hypsugo musciculus",0,0.02493343377528
"349","Hypsugo pulveratus",0,0.804183097741112
"350","Hypsugo savii",1,0.847249292653493
"351","Hypsugo vordermanni",0,0.0278033741035076
"352","Ia io",1,0.891891173887594
"353","Idionycteris phyllotis",0,0.132459440659626
"354","Kerivoula africana",0,0.416849251847811
"355","Kerivoula agnella",0,0.00844574431034544
"356","Kerivoula argentata",0,0.16125105611449
"357","Kerivoula cuprosa",0,0.0347716801872991
"358","Kerivoula eriophora",0,0.0252076252861449
"359","Kerivoula flora",0,0.0646413977824188
"360","Kerivoula hardwickii",0,0.814250520789937
"361","Kerivoula intermedia",0,0.0497129900714465
"362","Kerivoula lanosa",0,0.387986934183806
"363","Kerivoula lenis",0,0.410782637381588
"364","Kerivoula minuta",0,0.0439914905013309
"365","Kerivoula muscina",0,0.0141374017982051
"366","Kerivoula myrella",0,0.00839226350508283
"367","Kerivoula papillosa",0,0.34976018549272
"368","Kerivoula pellucida",0,0.155852926037972
"369","Kerivoula phalaena",0,0.0237691418197902
"370","Kerivoula picta",0,0.769034772290553
"371","Kerivoula smithii",0,0.0367995880916242
"372","Kerivoula whiteheadi",0,0.188399055043217
"373","Laephotis angolensis",0,0.0143667742644839
"374","Laephotis botswanae",0,0.0351889703466155
"375","Laephotis namibensis",0,0.017750575204037
"376","Laephotis wintoni",0,0.210242587775831
"377","Lampronycteris brachyotis",0,0.0459714355200361
"378","Lasionycteris noctivagans",0,0.468739790506135
"379","Lasiurus atratus",0,0.412213873492525
"380","Lasiurus blossevillii",0,0.37721593657352
"381","Lasiurus borealis",0,0.352481965098926
"382","Lasiurus castaneus",0,0.00774268602508376
"383","Lasiurus cinereus",0,0.730163917464206
"384","Lasiurus degelidus",0,0.0145716935298536
"385","Lasiurus ebenus",0,0.0171660266896539
"386","Lasiurus ega",0,0.730252514130529
"387","Lasiurus egregius",0,0.0501387628060437
"388","Lasiurus insularis",0,0.033357834556865
"389","Lasiurus intermedius",0,0.261962218102447
"390","Lasiurus minor",0,0.0229747993237259
"391","Lasiurus pfeifferi",0,0.0332330175323264
"392","Lasiurus salinae",0,0.411399086918957
"393","Lasiurus seminolus",0,0.169463341908178
"394","Lasiurus varius",0,0.411971432660345
"395","Lasiurus xanthinus",0,0.0731456725407961
"396","Latidens salimalii",0,0.169242483359501
"397","Lavia frons",0,0.888637443835006
"398","Leptonycteris curasoae",0,0.0602011010015363
"399","Leptonycteris nivalis",0,0.202935670237143
"400","Leptonycteris yerbabuenae",0,0.192366188938151
"401","Lichonycteris obscura",0,0.0766114140356328
"402","Lionycteris spurrelli",0,0.0436243205964276
"403","Lissonycteris angolensis",0,0.836527825293601
"404","Lonchophylla bokermanni",0,0.0184848704452862
"405","Lonchophylla dekeyseri",0,0.00840638947989468
"406","Lonchophylla handleyi",0,0.0155577641848994
"407","Lonchophylla hesperia",0,0.011932301908564
"408","Lonchophylla mordax",0,0.119042627371983
"409","Lonchophylla robusta",0,0.0245400579950889
"410","Lonchophylla thomasi",0,0.0385352686017213
"411","Lonchorhina aurita",0,0.552732610367373
"412","Lonchorhina fernandezi",0,0.0100890541053326
"413","Lonchorhina inusitata",0,0.014812650157992
"414","Lonchorhina marinkellei",0,0.026789938386112
"415","Lonchorhina orinocensis",0,0.0167118483216561
"416","Lophostoma brasiliense",0,0.145694130181814
"417","Lophostoma carrikeri",0,0.0623344130775667
"418","Lophostoma evotis",0,0.0669437185664078
"419","Lophostoma schulzi",0,0.0161472605261547
"420","Lophostoma silvicolum",0,0.527572396224294
"421","Macroderma gigas",0,0.487446562233551
"422","Macroglossus minimus",0,0.44582008325538
"423","Macroglossus sobrinus",0,0.83955686156972
"424","Macrophyllum macrophyllum",0,0.282528062255248
"425","Macrotus californicus",0,0.102907834096123
"426","Macrotus waterhousii",0,0.216474620520867
"427","Megaderma lyra",0,0.965527428388713
"428","Megaderma spasma",0,0.918774956338764
"429","Megaerops ecaudatus",0,0.680067755231003
"430","Megaerops kusnotoi",0,0.116024899972199
"431","Megaerops niphanae",1,0.651985319732965
"432","Megaerops wetmorei",0,0.315779746495278
"433","Megaloglossus woermanni",1,0.12393357803783
"434","Melonycteris fardoulisi",0,0.0119007109632774
"435","Melonycteris melanops",0,0.047317766366671
"436","Melonycteris woodfordi",0,0.0284196877985821
"437","Mesophylla macconnelli",0,0.0571953557577727
"438","Micronycteris brosseti",0,0.0146788442955411
"439","Micronycteris hirsuta",0,0.0509137555083612
"440","Micronycteris homezi",0,0.0181008415650148
"441","Micronycteris matses",0,0.00655315498183857
"442","Micronycteris megalotis",0,0.13237002198004
"443","Micronycteris microtis",0,0.106121835176668
"444","Micronycteris minuta",0,0.156180202061892
"445","Micronycteris sanborni",0,0.0167223039911274
"446","Micronycteris schmidtorum",0,0.0963808882971915
"447","Micropteropus intermedius",0,0.119119190957797
"448","Micropteropus pusillus",1,0.698291584984703
"449","Mimetillus moloneyi",0,0.276253800671573
"450","Mimon bennettii",0,0.215302270653757
"451","Mimon cozumelae",0,0.0779169383278385
"452","Mimon crenulatum",0,0.325204838710856
"453","Mimon koepckeae",0,0.00818818063025891
"454","Miniopterus africanus",0,0.126687696740057
"455","Miniopterus australis",0,0.175034497420317
"456","Miniopterus fraterculus",0,0.205022444336519
"457","Miniopterus fuscus",0,0.32150997934113
"458","Miniopterus gleni",0,0.0815599755081431
"459","Miniopterus inflatus",0,0.302358551936687
"460","Miniopterus macrocneme",0,0.0396826966501227
"461","Miniopterus magnater",0,0.556711068273297
"462","Miniopterus majori",0,0.132317160104525
"463","Miniopterus manavi",0,0.146992665798746
"464","Miniopterus medius",0,0.187888951491066
"465","Miniopterus minor",0,0.0592921724025731
"466","Miniopterus natalensis",0,0.471124097346056
"467","Miniopterus paululus",0,0.423787935592471
"468","Miniopterus pusillus",0,0.489740866580313
"469","Miniopterus robustior",0,0.0172396162742718
"470","Miniopterus schreibersii",1,0.942443248429327
"471","Miniopterus shortridgei",0,0.413322867370372
"472","Miniopterus tristis",0,0.322409316758656
"473","Molossops aequatorianus",0,0.0117328879118829
"474","Molossops mattogrossensis",0,0.0628203294361049
"475","Molossops neglectus",0,0.0567974964644278
"476","Molossops temminckii",0,0.102251167738789
"477","Molossus aztecus",0,0.0400585093532821
"478","Molossus barnesi",0,0.00923855005476162
"479","Molossus coibensis",0,0.0527024988520595
"480","Molossus currentium",0,0.0336436164837675
"481","Molossus molossus",0,0.520549792675538
"482","Molossus pretiosus",0,0.139448960388343
"483","Molossus rufus",0,0.571226917989941
"484","Molossus sinaloae",0,0.187482465479378
"485","Monophyllus plethodon",0,0.0498702222118052
"486","Monophyllus redmani",0,0.038315315601995
"487","Mops brachypterus",0,0.177995302458551
"488","Mops condylurus",1,0.879395805074094
"489","Mops congicus",0,0.23202610781683
"490","Mops demonstrator",0,0.0448940515544401
"491","Mops leucostigma",0,0.18933224724466
"492","Mops midas",0,0.848463698241853
"493","Mops mops",0,0.167546062787148
"494","Mops nanulus",0,0.115029233511551
"495","Mops niangarae",0,0.0162902025393296
"496","Mops niveiventer",0,0.161448569548437
"497","Mops petersoni",0,0.0206014915057926
"498","Mops sarasinorum",0,0.195038337594591
"499","Mops spurrelli",0,0.0323039542419141
"500","Mops thersites",0,0.281069304015622
"501","Mops trevori",0,0.0554595044796611
"502","Mormoops blainvillei",0,0.0565111706535391
"503","Mormoops magna",0,0.412754404178186
"504","Mormoops megalophylla",0,0.435685092654189
"505","Mormopterus acetabulosus",0,0.0962219889208773
"506","Mormopterus beccarii",0,0.229113664750983
"507","Mormopterus doriae",0,0.0310991897674551
"508","Mormopterus jugularis",0,0.0766763100727266
"509","Mormopterus kalinowskii",0,0.010337147914939
"510","Mormopterus loriae",0,0.0899682096186967
"511","Mormopterus minutus",0,0.0260146007662117
"512","Mormopterus norfolkensis",0,0.0482086303346529
"513","Mormopterus phrudus",0,0.00598527811709889
"514","Mormopterus planiceps",0,0.169486346260899
"515","Mosia nigrescens",0,0.0483296399419795
"516","Murina aenea",0,0.051332604987214
"517","Murina aurata",0,0.454848317777662
"518","Murina cyclotis",0,0.704459319532121
"519","Murina florium",0,0.0285538718810915
"520","Murina fusca",0,0.404201584721847
"521","Murina grisea",0,0.162653814491198
"522","Murina hilgendorfi",0,0.718779901707913
"523","Murina huttoni",0,0.717425010162792
"524","Murina leucogaster",0,0.841855671535069
"525","Murina puta",0,0.338224329992643
"526","Murina rozendaali",0,0.0382589887254877
"527","Murina ryukyuana",0,0.193344867305465
"528","Murina silvatica",0,0.492635499557815
"529","Murina suilla",0,0.0905668850841248
"530","Murina tenebrosa",0,0.259125758552684
"531","Murina tubinaris",0,0.570984080078013
"532","Murina ussuriensis",0,0.343250633297292
"533","Musonycteris harrisoni",0,0.0246997724426667
"534","Myonycteris brachycephala",0,0.0506550529905992
"535","Myonycteris relicta",0,0.256812977884288
"536","Myonycteris torquata",0,0.756917940906115
"537","Myopterus daubentonii",0,0.0834375365592925
"538","Myopterus whitleyi",0,0.0768212568994457
"539","Myotis abei",0,0.167352047827633
"540","Myotis adversus",0,0.3022510020056
"541","Myotis aelleni",0,0.00938176265749869
"542","Myotis albescens",0,0.273220437503008
"543","Myotis alcathoe",0,0.411197596296927
"544","Myotis altarium",0,0.875292791711192
"545","Myotis anjouanensis",0,0.0283827080579717
"546","Myotis annamiticus",0,0.0548336163039478
"547","Myotis annectans",0,0.55642901099715
"548","Myotis atacamensis",0,0.0143301265273097
"549","Myotis ater",0,0.072850319026192
"550","Myotis auriculus",0,0.0637640881839234
"551","Myotis australis",0,0.428229105875023
"552","Myotis austroriparius",0,0.119164331920578
"553","Myotis bechsteinii",0,0.861859499042414
"554","Myotis blythii",0,0.935784227662329
"555","Myotis bocagii",0,0.65567318789474
"556","Myotis bombinus",0,0.704446482809735
"557","Myotis brandtii",0,0.930618171694207
"558","Myotis bucharensis",0,0.412387855145418
"559","Myotis californicus",0,0.19000730564097
"560","Myotis capaccinii",0,0.749484574746553
"561","Myotis chiloensis",0,0.0150768041747968
"562","Myotis chinensis",0,0.914535953491473
"563","Myotis ciliolabrum",0,0.426190657722698
"564","Myotis cobanensis",0,0.0136365627123201
"565","Myotis csorbai",0,0.24243103865497
"566","Myotis dasycneme",1,0.938569241579686
"567","Myotis daubentonii",1,0.93277059958462
"568","Myotis davidii",0,0.412073314534978
"569","Myotis dominicensis",0,0.0169804090496887
"570","Myotis elegans",0,0.0444811741606132
"571","Myotis emarginatus",1,0.878488969599186
"572","Myotis evotis",0,0.146231401752358
"573","Myotis fimbriatus",0,0.383600264096369
"574","Myotis findleyi",0,0.017537275411919
"575","Myotis formosus",0,0.961796569966613
"576","Myotis fortidens",0,0.0936741223807065
"577","Myotis frater",0,0.447006934889194
"578","Myotis gomantongensis",0,0.169325606670588
"579","Myotis goudoti",0,0.104272174883021
"580","Myotis grisescens",0,0.159986108710071
"581","Myotis hajastanicus",0,0.231350820426134
"582","Myotis hasseltii",0,0.542094451866129
"583","Myotis hermani",0,0.0496207906835815
"584","Myotis horsfieldii",0,0.499989300731659
"585","Myotis hosonoi",0,0.305707413579042
"586","Myotis ikonnikovi",0,0.709336048152355
"587","Myotis insularum",0,0.00728783608409809
"588","Myotis keaysi",0,0.163142055213366
"589","Myotis keenii",0,0.064815699219776
"590","Myotis laniger",0,0.707972191867264
"591","Myotis leibii",0,0.137415501272624
"592","Myotis levis",0,0.0636750966237291
"593","Myotis longipes",0,0.403757088322157
"594","Myotis lucifugus",0,0.445584485901698
"595","Myotis macrodactylus",0,0.686354952551797
"596","Myotis macropus",0,0.0666561485410634
"597","Myotis macrotarsus",0,0.239833883782967
"598","Myotis martiniquensis",0,0.0240488460049256
"599","Myotis melanorhinus",0,0.163881433137399
"600","Myotis moluccarum",0,0.0567584631482417
"601","Myotis montivagus",0,0.774122525941567
"602","Myotis morrisi",0,0.0824750867085285
"603","Myotis muricola",0,0.823987334871309
"604","Myotis myotis",0,0.891777135145237
"605","Myotis mystacinus",0,0.411222059699117
"606","Myotis nattereri",0,0.923806762223744
"607","Myotis nesopolus",0,0.0113857719508832
"608","Myotis nigricans",0,0.507499221868398
"609","Myotis nipalensis",0,0.412764485869279
"610","Myotis occultus",0,0.431241713001425
"611","Myotis oreias",0,0.0313443612244926
"612","Myotis oxygnathus",0,0.870328414866876
"613","Myotis oxyotus",0,0.0454553234373817
"614","Myotis ozensis",0,0.229413045960808
"615","Myotis peninsularis",0,0.0125141311905158
"616","Myotis pequinius",0,0.786123542785162
"617","Myotis planiceps",0,0.0172154463120327
"618","Myotis pruinosus",0,0.452262581116557
"619","Myotis punicus",0,0.203132414780396
"620","Myotis ricketti",1,0.80451043569091
"621","Myotis ridleyi",0,0.0611252707128879
"622","Myotis riparius",0,0.201386579382682
"623","Myotis rosseti",0,0.110967630652873
"624","Myotis ruber",0,0.0506976707540088
"625","Myotis schaubi",0,0.513566251402814
"626","Myotis scotti",0,0.0385449192291713
"627","Myotis septentrionalis",0,0.342440259464593
"628","Myotis sicarius",0,0.454521438606008
"629","Myotis siligorensis",0,0.655950389791539
"630","Myotis simus",0,0.0818888946303859
"631","Myotis sodalis",0,0.184749747536468
"632","Myotis stalkeri",0,0.0531224692756951
"633","Myotis thysanodes",0,0.284867051177996
"634","Myotis tricolor",0,0.364279866899935
"635","Myotis velifer",0,0.13103139336208
"636","Myotis vivesi",0,0.058658793176532
"637","Myotis volans",0,0.220222666151778
"638","Myotis welwitschii",0,0.36211111805966
"639","Myotis yanbarensis",0,0.19680537789417
"640","Myotis yesoensis",0,0.281305230091192
"641","Myotis yumanensis",0,0.179618307449638
"642","Mystacina robusta",0,0.47478795380501
"643","Mystacina tuberculata",0,0.0686211871532632
"644","Myzopoda aurita",0,0.0954108365859752
"645","Nanonycteris veldkampii",0,0.220738175504808
"646","Natalus jamaicensis",0,0.0143101551348131
"647","Natalus major",0,0.0211265610477452
"648","Natalus primus",0,0.0297353684387902
"649","Natalus stramineus",0,0.43020292720955
"650","Natalus tumidirostris",0,0.0241037751112073
"651","Neonycteris pusilla",0,0.00949020155290555
"652","Neopteryx frosti",0,0.145168575228311
"653","Neoromicia brunneus",0,0.026873500476156
"654","Neoromicia capensis",1,0.367051310825829
"655","Neoromicia flavescens",0,0.046239579619935
"656","Neoromicia guineensis",0,0.255543361623626
"657","Neoromicia helios",0,0.366960591099719
"658","Neoromicia melckorum",0,0.029064647130498
"659","Neoromicia nanus",0,0.70678124795193
"660","Neoromicia rendalli",0,0.529413568959062
"661","Neoromicia somalicus",0,0.473974600544617
"662","Neoromicia tenuipinnis",0,0.328636139748502
"663","Neoromicia zuluensis",0,0.0398906195565589
"664","Noctilio albiventris",0,0.536837770394852
"665","Noctilio leporinus",0,0.647054909987525
"666","Notopteris macdonaldi",0,0.0824892181984425
"667","Notopteris neocaledonica",0,0.0194808161469553
"668","Nyctalus aviator",0,0.846227727254169
"669","Nyctalus azoreum",0,0.111042689388474
"670","Nyctalus furvus",0,0.25754150478793
"671","Nyctalus lasiopterus",0,0.900410718526424
"672","Nyctalus leisleri",0,0.936041821605082
"673","Nyctalus montanus",0,0.460957918041014
"674","Nyctalus noctula",1,0.971586835607297
"675","Nyctalus plancyi",0,0.70810724630597
"676","Nycteris arge",0,0.371103449667689
"677","Nycteris aurita",0,0.0717155094071987
"678","Nycteris gambiensis",0,0.0612912331955606
"679","Nycteris grandis",0,0.668451950168777
"680","Nycteris hispida",0,0.73108421525661
"681","Nycteris intermedia",0,0.161145046845241
"682","Nycteris javanica",0,0.109536526632003
"683","Nycteris macrotis",0,0.687811645698381
"684","Nycteris madagascariensis",0,0.11308103837218
"685","Nycteris major",0,0.230285337718318
"686","Nycteris nana",0,0.209137908736101
"687","Nycteris parisii",0,0.0561337319369473
"688","Nycteris thebaica",0,0.956719962943186
"689","Nycteris tragata",0,0.334981851626297
"690","Nycteris vinsoni",0,0.0321104926358379
"691","Nycteris woodi",0,0.0505521001039839
"692","Nycticeinops schlieffeni",0,0.874015528411294
"693","Nycticeius aenobarbus",0,0.413063336143708
"694","Nycticeius cubanus",0,0.0331351033424411
"695","Nycticeius humeralis",0,0.241496654740923
"696","Nyctiellus lepidus",0,0.0387082295317624
"697","Nyctimene aello",0,0.213240313906738
"698","Nyctimene albiventer",0,0.120502619653716
"699","Nyctimene cephalotes",0,0.211133790176916
"700","Nyctimene certans",0,0.0806900159682394
"701","Nyctimene cyclotis",0,0.0863567631957202
"702","Nyctimene draconilla",0,0.0603449442614544
"703","Nyctimene keasti",0,0.0174049590387872
"704","Nyctimene major",0,0.0793785037390632
"705","Nyctimene malaitensis",0,0.0470061190953951
"706","Nyctimene masalai",0,0.053039946098581
"707","Nyctimene minutus",0,0.139151108131176
"708","Nyctimene rabori",0,0.345686256004604
"709","Nyctimene robinsoni",0,0.294720874439624
"710","Nyctimene sanctacrucis",0,0.0452159446693473
"711","Nyctimene vizcaccia",0,0.0483864726331895
"712","Nyctinomops aurispinosus",0,0.591680154508529
"713","Nyctinomops femorosaccus",0,0.151785308791514
"714","Nyctinomops laticaudatus",1,0.426909123936246
"715","Nyctinomops macrotis",0,0.786501359089842
"716","Nyctophilus arnhemensis",0,0.198906391321701
"717","Nyctophilus bifax",0,0.21379378244211
"718","Nyctophilus geoffroyi",0,0.250621368893134
"719","Nyctophilus gouldi",0,0.120264532486467
"720","Nyctophilus heran",0,0.0523282654737155
"721","Nyctophilus howensis",0,0.410915137809773
"722","Nyctophilus microdon",0,0.0134422912383087
"723","Nyctophilus microtis",0,0.0170350084024856
"724","Nyctophilus nebulosus",0,0.0148051098632657
"725","Nyctophilus timoriensis",0,0.192237218508039
"726","Nyctophilus walkeri",0,0.0786128437635593
"727","Otomops formosus",0,0.109493336602404
"728","Otomops johnstonei",0,0.0302941158179476
"729","Otomops madagascariensis",0,0.0730661116100987
"730","Otomops martiensseni",0,0.678582400971684
"731","Otomops papuensis",0,0.0201729140781867
"732","Otomops secundus",0,0.028510246659322
"733","Otomops wroughtoni",0,0.0830760400463482
"734","Otonycteris hemprichii",0,0.883760709860353
"735","Otopteropus cartilagonodus",0,0.277548018197249
"736","Paracoelops megalotis",0,0.167968015404922
"737","Paranyctimene raptor",0,0.0838773236365928
"738","Paranyctimene tenax",0,0.418262804497561
"739","Penthetor lucasi",0,0.516956089365431
"740","Peropteryx kappleri",0,0.360311717384627
"741","Peropteryx leucoptera",0,0.0436837022076621
"742","Peropteryx macrotis",0,0.43685834986113
"743","Peropteryx trinitatis",0,0.0161243257879154
"744","Pharotis imogene",0,0.0149779773467088
"745","Philetor brachypterus",0,0.345153016500142
"746","Phoniscus aerosa",0,0.427409999150303
"747","Phoniscus atrox",0,0.0492107303840193
"748","Phoniscus jagorii",0,0.0858949749162637
"749","Phoniscus papuensis",0,0.0624005542513582
"750","Phylloderma stenops",0,0.616885248258654
"751","Phyllonycteris aphylla",0,0.0249290989919969
"752","Phyllonycteris major",0,0.411971432660345
"753","Phyllonycteris poeyi",0,0.0484923476558882
"754","Phyllops falcatus",0,0.0501200961485798
"755","Phyllostomus discolor",0,0.591268386483005
"756","Phyllostomus elongatus",0,0.330575630401614
"757","Phyllostomus hastatus",0,0.619458221739359
"758","Phyllostomus latifolius",0,0.0558021535311719
"759","Pipistrellus abramus",1,0.809115073331268
"760","Pipistrellus adamsi",0,0.0477913973055452
"761","Pipistrellus aero",0,0.0266656060332521
"762","Pipistrellus angulatus",0,0.0209909273559849
"763","Pipistrellus ceylonicus",0,0.885741646216146
"764","Pipistrellus collinus",0,0.0200050846258976
"765","Pipistrellus coromandra",0,0.78466542141953
"766","Pipistrellus deserti",0,0.228541463196016
"767","Pipistrellus endoi",0,0.443930631532203
"768","Pipistrellus hesperidus",1,0.728544226758246
"769","Pipistrellus hesperus",0,0.139883228108724
"770","Pipistrellus inexspectatus",0,0.0950889439658938
"771","Pipistrellus javanicus",0,0.823201037659294
"772","Pipistrellus kuhlii",1,0.800395443162427
"773","Pipistrellus maderensis",0,0.103713071732561
"774","Pipistrellus minahassae",0,0.0445998139974584
"775","Pipistrellus nanulus",0,0.0872411933132615
"776","Pipistrellus nathusii",1,0.882397035028184
"777","Pipistrellus papuanus",0,0.0242920400670249
"778","Pipistrellus paterculus",0,0.512406473154182
"779","Pipistrellus permixtus",0,0.0183035907074875
"780","Pipistrellus pipistrellus",1,0.905306019256894
"781","Pipistrellus pygmaeus",1,0.831613284399715
"782","Pipistrellus rueppellii",0,0.878155449137919
"783","Pipistrellus rusticus",0,0.276229766584401
"784","Pipistrellus stenopterus",0,0.123914477785301
"785","Pipistrellus sturdeei",0,0.415208494068308
"786","Pipistrellus subflavus",0,0.306659800914785
"787","Pipistrellus tenuis",0,0.87253281427826
"788","Pipistrellus wattsi",0,0.010272228589404
"789","Pipistrellus westralis",0,0.0684585951844556
"790","Platalina genovensium",0,0.034663610790064
"791","Platymops setiger",0,0.107729910984761
"792","Platyrrhinus aurarius",0,0.0512146360713389
"793","Platyrrhinus brachycephalus",0,0.0647663529158029
"794","Platyrrhinus chocoensis",0,0.0137795547554733
"795","Platyrrhinus dorsalis",0,0.150283140343316
"796","Platyrrhinus helleri",0,0.142129964649889
"797","Platyrrhinus infuscus",0,0.0883529799230894
"798","Platyrrhinus lineatus",0,0.378241622443379
"799","Platyrrhinus recifinus",0,0.119629392330847
"800","Platyrrhinus umbratus",0,0.0854633717623098
"801","Platyrrhinus vittatus",0,0.152700498313372
"802","Plecotus alpinus",0,0.410390824998896
"803","Plecotus auritus",0,0.955331868934458
"804","Plecotus austriacus",0,0.93223234540284
"805","Plecotus balensis",0,0.0365407045579678
"806","Plecotus kolombatovici",0,0.410560694841723
"807","Plecotus sardus",0,0.412629039743102
"808","Plecotus taivanus",0,0.334525224006888
"809","Plecotus teneriffae",0,0.0961486761965996
"810","Plerotes anchietae",0,0.0780215508890388
"811","Promops centralis",0,0.366920673252524
"812","Promops nasutus",0,0.156301226035053
"813","Ptenochirus jagori",1,0.422376931570482
"814","Ptenochirus minor",0,0.26133440934687
"815","Pteralopex acrodonta",0,0.12123874531464
"816","Pteralopex anceps",0,0.0550474450294809
"817","Pteralopex atrata",0,0.0556208203266403
"818","Pteralopex pulchra",0,0.023145652894779
"819","Pteralopex taki",0,0.011930998501702
"820","Pteronotus davyi",1,0.199639812657983
"821","Pteronotus gymnonotus",0,0.184436032341311
"822","Pteronotus macleayii",0,0.0458787512765493
"823","Pteronotus parnellii",1,0.530143441267015
"824","Pteronotus personatus",0,0.54599213556772
"825","Pteronotus pristinus",0,0.41313926041773
"826","Pteronotus quadridens",0,0.0312355813712469
"827","Pteropus admiralitatum",0,0.0818680967338904
"828","Pteropus aldabrensis",0,0.155983921205039
"829","Pteropus alecto",1,0.323351615210555
"830","Pteropus anetianus",0,0.0756464444428816
"831","Pteropus aruensis",0,0.0166233454483671
"832","Pteropus banakrisi",0,0.0319417777734507
"833","Pteropus brunneus",0,0.511031230288574
"834","Pteropus caniceps",0,0.334983929176719
"835","Pteropus capistratus",0,0.0167781801060312
"836","Pteropus chrysoproctus",0,0.346805794227576
"837","Pteropus cognatus",0,0.0360519936975105
"838","Pteropus conspicillatus",0,0.340906786582355
"839","Pteropus dasymallus",0,0.694917237465661
"840","Pteropus faunulus",0,0.162402708825087
"841","Pteropus fundatus",0,0.0802280328612304
"842","Pteropus giganteus",1,0.950398705959158
"843","Pteropus gilliardorum",0,0.080050458936742
"844","Pteropus griseus",0,0.0834685885304756
"845","Pteropus howensis",0,0.0771014229614121
"846","Pteropus hypomelanus",0,0.744649987384215
"847","Pteropus insularis",0,0.0925765410246533
"848","Pteropus intermedius",0,0.372317902380476
"849","Pteropus keyensis",0,0.0185379188470807
"850","Pteropus leucopterus",0,0.613826737626096
"851","Pteropus livingstonii",0,0.191274229167447
"852","Pteropus lombocensis",0,0.299429801610237
"853","Pteropus loochoensis",0,0.422189291503698
"854","Pteropus lylei",0,0.601092806116545
"855","Pteropus macrotis",0,0.195687480158983
"856","Pteropus mahaganus",0,0.0634255568032838
"857","Pteropus mariannus",0,0.342676696746272
"858","Pteropus melanopogon",0,0.154624843283249
"859","Pteropus melanotus",0,0.171440950266971
"860","Pteropus molossinus",0,0.0931966111867881
"861","Pteropus neohibernicus",0,0.231587784229485
"862","Pteropus niger",0,0.253301962068598
"863","Pteropus nitendiensis",0,0.0831830389631159
"864","Pteropus ocularis",0,0.205342095845816
"865","Pteropus ornatus",0,0.106943764362929
"866","Pteropus pelewensis",0,0.0983280701554196
"867","Pteropus personatus",0,0.309177420302003
"868","Pteropus pilosus",0,0.482052956083722
"869","Pteropus pohlei",0,0.125693723978286
"870","Pteropus poliocephalus",0,0.510302503245588
"871","Pteropus pselaphon",0,0.394913407075521
"872","Pteropus pumilus",0,0.655718620699415
"873","Pteropus rayneri",0,0.0706452984622503
"874","Pteropus rennelli",0,0.0229880257295315
"875","Pteropus rodricensis",0,0.177598564378469
"876","Pteropus rufus",1,0.242748402995158
"877","Pteropus samoensis",0,0.144473766677459
"878","Pteropus scapulatus",0,0.727806616631675
"879","Pteropus seychellensis",0,0.235745885388287
"880","Pteropus speciosus",0,0.264107691193469
"881","Pteropus subniger",0,0.482889424870563
"882","Pteropus temminckii",0,0.0442176483718652
"883","Pteropus tokudae",0,0.511031230288574
"884","Pteropus tonganus",0,0.213939736068287
"885","Pteropus tuberculatus",0,0.052861607870467
"886","Pteropus ualanus",0,0.0348751980799079
"887","Pteropus vampyrus",0,0.862373295607851
"888","Pteropus vetulus",0,0.103829774383957
"889","Pteropus voeltzkowi",0,0.15491168025108
"890","Pteropus woodfordi",0,0.063452222959939
"891","Pteropus yapensis",0,0.117559414410449
"892","Pygoderma bilabiatum",0,0.163794827662576
"893","Rhinolophus acuminatus",0,0.313018840904258
"894","Rhinolophus adami",0,0.0333777678944651
"895","Rhinolophus affinis",1,0.93320969502816
"896","Rhinolophus alcyone",0,0.267793287210584
"897","Rhinolophus arcuatus",0,0.317992480552056
"898","Rhinolophus beddomei",0,0.347600691727557
"899","Rhinolophus blasii",1,0.860162503449458
"900","Rhinolophus bocharicus",0,0.363615815348867
"901","Rhinolophus borneensis",0,0.463165738468795
"902","Rhinolophus canuti",0,0.106286895868815
"903","Rhinolophus capensis",0,0.0658011250728243
"904","Rhinolophus celebensis",0,0.102565215467229
"905","Rhinolophus clivosus",1,0.870517119086253
"906","Rhinolophus coelophyllus",0,0.476846976476127
"907","Rhinolophus cognatus",0,0.0274564714365141
"908","Rhinolophus convexus",0,0.0936229611350483
"909","Rhinolophus cornutus",1,0.459834235203611
"910","Rhinolophus creaghi",1,0.0455086103970554
"911","Rhinolophus darlingi",0,0.353923977339978
"912","Rhinolophus deckenii",0,0.0887921016580587
"913","Rhinolophus denti",0,0.0592319838176593
"914","Rhinolophus eloquens",0,0.304181542042648
"915","Rhinolophus euryale",1,0.882982168572097
"916","Rhinolophus euryotis",0,0.096488847572763
"917","Rhinolophus ferrumequinum",1,0.952741567069943
"918","Rhinolophus formosae",0,0.35684655628855
"919","Rhinolophus fumigatus",0,0.874097405410341
"920","Rhinolophus guineensis",0,0.0347746792586646
"921","Rhinolophus hildebrandtii",0,0.588100785146242
"922","Rhinolophus hilli",0,0.0572343516514459
"923","Rhinolophus hillorum",0,0.0393224494270854
"924","Rhinolophus hipposideros",1,0.879279032011676
"925","Rhinolophus imaizumii",0,0.277908732394025
"926","Rhinolophus inops",0,0.178205687983486
"927","Rhinolophus keyensis",0,0.0871776370845022
"928","Rhinolophus landeri",0,0.777945058744334
"929","Rhinolophus lepidus",0,0.817354228669448
"930","Rhinolophus luctus",0,0.960945883484243
"931","Rhinolophus maclaudi",0,0.0428477776095052
"932","Rhinolophus macrotis",1,0.783766777135189
"933","Rhinolophus madurensis",0,0.068058905124373
"934","Rhinolophus maendeleo",0,0.0166058939777043
"935","Rhinolophus malayanus",0,0.486659402830816
"936","Rhinolophus marshalli",0,0.604055039448138
"937","Rhinolophus megaphyllus",0,0.120658696275348
"938","Rhinolophus mehelyi",0,0.875544159338615
"939","Rhinolophus mitratus",0,0.234472369057456
"940","Rhinolophus monoceros",1,0.0524863279323907
"941","Rhinolophus montanus",0,0.0301221263335285
"942","Rhinolophus nereis",0,0.0356294740083737
"943","Rhinolophus osgoodi",0,0.826421615140782
"944","Rhinolophus paradoxolophus",0,0.547793111828108
"945","Rhinolophus pearsonii",1,0.950959810310897
"946","Rhinolophus philippinensis",0,0.345161280696067
"947","Rhinolophus pusillus",1,0.419046749553947
"948","Rhinolophus rex",1,0.59021961534036
"949","Rhinolophus robinsoni",0,0.0686930904297279
"950","Rhinolophus rouxii",0,0.514576453864417
"951","Rhinolophus rufus",0,0.119804744679074
"952","Rhinolophus ruwenzorii",0,0.045062264216984
"953","Rhinolophus sakejiensis",0,0.0128643553286829
"954","Rhinolophus sedulus",0,0.249477502353623
"955","Rhinolophus shameli",0,0.625972077135524
"956","Rhinolophus shortridgei",0,0.115935629525876
"957","Rhinolophus siamensis",0,0.413024180854573
"958","Rhinolophus silvestris",0,0.0352693649810198
"959","Rhinolophus simulator",0,0.362438201146928
"960","Rhinolophus sinicus",1,0.803103122750899
"961","Rhinolophus stheno",0,0.497033322280963
"962","Rhinolophus subbadius",0,0.282264305424549
"963","Rhinolophus subrufus",0,0.231050754281722
"964","Rhinolophus swinnyi",0,0.198814656880797
"965","Rhinolophus thomasi",1,0.439307714391509
"966","Rhinolophus trifoliatus",0,0.754374427727089
"967","Rhinolophus virgo",0,0.14135416938899
"968","Rhinolophus yunanensis",0,0.860173897960355
"969","Rhinolophus ziama",0,0.413931151687318
"970","Rhinonicteris aurantia",1,0.0563907000379823
"971","Rhinophylla alethina",0,0.016189480683469
"972","Rhinophylla fischerae",0,0.0350288792069446
"973","Rhinophylla pumilio",0,0.0882907536304533
"974","Rhinopoma hardwickii",1,0.930024948563043
"975","Rhinopoma macinnesi",0,0.122867068557127
"976","Rhinopoma microphyllum",0,0.937290854499504
"977","Rhinopoma muscatellum",0,0.709414694299656
"978","Rhogeessa aeneus",0,0.0207022732117756
"979","Rhogeessa alleni",0,0.0215489431217635
"980","Rhogeessa genowaysi",0,0.00772378317325711
"981","Rhogeessa gracilis",0,0.0263998352948162
"982","Rhogeessa hussoni",0,0.0102659979220972
"983","Rhogeessa io",0,0.120391581643812
"984","Rhogeessa minutilla",0,0.0216718945313415
"985","Rhogeessa mira",0,0.0123425040674188
"986","Rhogeessa parvula",0,0.0580137663859964
"987","Rhogeessa tumida",0,0.0546736901923521
"988","Rhynchonycteris naso",0,0.174682432335563
"989","Rousettus aegyptiacus",1,0.971334415584598
"990","Rousettus amplexicaudatus",1,0.820804477879179
"991","Rousettus bidens",0,0.154233488043531
"992","Rousettus celebensis",0,0.300253569028012
"993","Rousettus lanosus",0,0.533821430131596
"994","Rousettus leschenaultii",1,0.977420372950524
"995","Rousettus linduensis",0,0.418317422372482
"996","Rousettus madagascariensis",0,0.427738735065587
"997","Rousettus obliviosus",0,0.122879260947499
"998","Rousettus spinalatus",0,0.341206303523215
"999","Saccolaimus flaviventris",0,0.507848283571601
"1000","Saccolaimus mixtus",0,0.05359087
"1001","Saccolaimus peli",0,0.6869319
"1002","Saccolaimus saccolaimus",0,0.9317696
"1003","Saccopteryx antioquensis",0,0.007150974
"1004","Saccopteryx bilineata",0,0.4910833
"1005","Saccopteryx canescens",0,0.0315392
"1006","Saccopteryx gymnura",0,0.006398987
"1007","Saccopteryx leptura",0,0.1341883
"1008","Sauromys petrophilus",0,0.040839
"1009","Scleronycteris ega",0,0.01333992
"1010","Scoteanax rueppellii",0,0.1562487
"1011","Scotoecus albigula",0,0.3470781
"1012","Scotoecus albofuscus",0,0.3736599
"1013","Scotoecus hindei",0,0.5119324
"1014","Scotoecus hirundo",0,0.2449527
"1015","Scotoecus pallidus",0,0.4418527
"1016","Scotomanes ornatus",0,0.9185487
"1017","Scotonycteris ophiodon",0,0.2794694
"1018","Scotonycteris zenkeri",0,0.2307095
"1019","Scotophilus borbonicus",0,0.06193169
"1020","Scotophilus celebensis",0,0.05273835
"1021","Scotophilus collinus",0,0.4119935
"1022","Scotophilus dinganii",1,0.7717131
"1023","Scotophilus heathii",0,0.9560075
"1024","Scotophilus kuhlii",0,0.4821236
"1025","Scotophilus leucogaster",1,0.8841319
"1026","Scotophilus nigrita",0,0.9491717
"1027","Scotophilus nucella",0,0.1919781
"1028","Scotophilus nux",0,0.2797215
"1029","Scotophilus robustus",0,0.2530153
"1030","Scotophilus viridis",0,0.6747441
"1031","Scotorepens balstoni",0,0.2273364
"1032","Scotorepens greyii",0,0.2273069
"1033","Scotorepens orion",0,0.06500593
"1034","Scotorepens sanborni",0,0.0663357
"1035","Scotozous dormeri",0,0.6708733
"1036","Sphaerias blanfordi",0,0.8244229
"1037","Sphaeronycteris toxophyllum",0,0.03281265
"1038","Stenoderma rufum",0,0.08555678
"1039","Sturnira aratathomasi",0,0.1061482
"1040","Sturnira bidens",0,0.04040019
"1041","Sturnira bogotensis",0,0.05406373
"1042","Sturnira erythromos",0,0.1444785
"1043","Sturnira lilium",0,0.7429792
"1044","Sturnira ludovici",0,0.4225534
"1045","Sturnira luisi",0,0.0301168
"1046","Sturnira magna",0,0.03860638
"1047","Sturnira mistratensis",0,0.01319101
"1048","Sturnira mordax",0,0.02529595
"1049","Sturnira nana",0,0.01503415
"1050","Sturnira oporaphilum",0,0.05828767
"1051","Sturnira thomasi",0,0.04254929
"1052","Sturnira tildae",0,0.4881347
"1053","Styloctenium wallacei",0,0.2877475
"1054","Syconycteris australis",0,0.0669233
"1055","Syconycteris carolinae",0,0.1469175
"1056","Syconycteris hobbit",0,0.03683501
"1057","Tadarida aegyptiaca",0,0.9599999
"1058","Tadarida australis",0,0.4184688
"1059","Tadarida brasiliensis",0,0.6523845
"1060","Tadarida fulminans",0,0.2895141
"1061","Tadarida insignis",0,0.6884453
"1062","Tadarida kuboriensis",0,0.02351786
"1063","Tadarida latouchei",0,0.6547703
"1064","Tadarida lobata",0,0.07589553
"1065","Tadarida teniotis",0,0.9484359
"1066","Tadarida ventralis",0,0.3696172
"1067","Taphozous achates",0,0.03548254
"1068","Taphozous australis",0,0.04160717
"1069","Taphozous georgianus",0,0.4512636
"1070","Taphozous hamiltoni",0,0.09513878
"1071","Taphozous hildegardeae",0,0.07731348
"1072","Taphozous hilli",0,0.4042716
"1073","Taphozous kapalgensis",0,0.1311014
"1074","Taphozous longimanus",0,0.8915526
"1075","Taphozous mauritianus",0,0.9195687
"1076","Taphozous melanopogon",0,0.9485868
"1077","Taphozous nudiventris",0,0.9463214
"1078","Taphozous perforatus",1,0.9368288
"1079","Taphozous theobaldi",0,0.8209927
"1080","Taphozous troughtoni",0,0.077746
"1081","Thoopterus nigrescens",0,0.2127302
"1082","Thyroptera discifera",0,0.02612347
"1083","Thyroptera lavali",0,0.01033404
"1084","Thyroptera tricolor",0,0.1454291
"1085","Tomopeas ravus",0,0.009495372
"1086","Tonatia bidens",0,0.2578855
"1087","Tonatia saurophila",0,0.09833611
"1088","Trachops cirrhosus",0,0.6355991
"1089","Triaenops auritus",0,0.02021649
"1090","Triaenops furculus",0,0.07640713
"1091","Triaenops persicus",1,0.9201654
"1092","Triaenops rufus",0,0.1676024
"1093","Trinycteris nicefori",0,0.0319711
"1094","Tylonycteris pachypus",1,0.5638591
"1095","Tylonycteris robustula",0,0.6012517
"1096","Uroderma bilobatum",0,0.5853315
"1097","Uroderma magnirostrum",0,0.2865846
"1098","Vampyressa bidens",0,0.06298907
"1099","Vampyressa brocki",0,0.02515446
"1100","Vampyressa melissa",0,0.01932852
"1101","Vampyressa nymphaea",0,0.02965686
"1102","Vampyressa pusilla",0,0.4395734
"1103","Vampyressa thyone",0,0.4397036
"1104","Vampyrodes caraccioli",0,0.3411564
"1105","Vampyrum spectrum",0,0.4346029
"1106","Vespadelus baverstocki",0,0.08513185
"1107","Vespadelus caurinus",0,0.1062466
"1108","Vespadelus darlingtoni",0,0.09069331
"1109","Vespadelus douglasorum",0,0.05213341
"1110","Vespadelus finlaysoni",0,0.2578782
"1111","Vespadelus pumilus",0,0.04422416
"1112","Vespadelus regulus",0,0.09530551
"1113","Vespadelus troughtoni",0,0.06461711
"1114","Vespadelus vulturnus",0,0.08551191
"1115","Vespertilio murinus",0,0.9600701
"1116","Vespertilio sinensis",1,0.8608532
